{
  "hash": "267e6c50",
  "configHash": "c408579c",
  "lockfileHash": "b114da99",
  "browserHash": "480bbece",
  "optimized": {
    "@angular/common": {
      "src": "../../../../../node_modules/@angular/common/fesm2022/common.mjs",
      "file": "@angular_common.js",
      "fileHash": "e9438e76",
      "needsInterop": false
    },
    "@angular/core": {
      "src": "../../../../../node_modules/@angular/core/fesm2022/core.mjs",
      "file": "@angular_core.js",
      "fileHash": "406b5149",
      "needsInterop": false
    },
    "@angular/platform-browser": {
      "src": "../../../../../node_modules/@angular/platform-browser/fesm2022/platform-browser.mjs",
      "file": "@angular_platform-browser.js",
      "fileHash": "f72e6155",
      "needsInterop": false
    },
    "@angular/router": {
      "src": "../../../../../node_modules/@angular/router/fesm2022/router.mjs",
      "file": "@angular_router.js",
      "fileHash": "59127774",
      "needsInterop": false
    }
  },
  "chunks": {
    "chunk-Y3YCX2FO": {
      "file": "chunk-Y3YCX2FO.js"
    },
    "chunk-QHALDMLH": {
      "file": "chunk-QHALDMLH.js"
    },
    "chunk-GSEU53OH": {
      "file": "chunk-GSEU53OH.js"
    }
  }
}